<Bindings>
	<Binding name="CLICK SLE_ClearRaidFlares:LeftButton" description="Clear Flares" header="RAIDFLARE" category="BINDING_HEADER_SLE">
	</Binding>
	<Binding name="CLICK SLE_RaidFlare1:LeftButton" description="Blue Flare" category="BINDING_HEADER_SLE">
	</Binding>
	<Binding name="CLICK SLE_RaidFlare2:LeftButton" description="Green Flare" category="BINDING_HEADER_SLE">
	</Binding>
	<Binding name="CLICK SLE_RaidFlare3:LeftButton" description="Purple Flare" category="BINDING_HEADER_SLE">
	</Binding>
	<Binding name="CLICK SLE_RaidFlare4:LeftButton" description="Red Flare" category="BINDING_HEADER_SLE">
	</Binding>
	<Binding name="CLICK SLE_RaidFlare5:LeftButton" description="Yellow Flare" category="BINDING_HEADER_SLE">
	</Binding>
	<Binding name="CLICK SLE_RaidFlare6:LeftButton" description="Orange Flare" category="BINDING_HEADER_SLE">
	</Binding>
	<Binding name="CLICK SLE_RaidFlare7:LeftButton" description="White Flare" category="BINDING_HEADER_SLE">
	</Binding>
	<Binding name="CLICK SLE_RaidFlare8:LeftButton" description="Skull Flare" category="BINDING_HEADER_SLE">
	</Binding>
</Bindings>
